{"AUROC": 0.9113712374581939, "AUPRC": 0.7332905190048047, "acc": 0.9536423841059603}