{"val_AUROC": [0.8533333333333333, 0.8933333333333333, 0.8933333333333333, 0.8977777777777778, 0.9155555555555557, 0.9511111111111111, 0.9199999999999999, 0.9022222222222223, 0.9422222222222223, 0.9377777777777778], "test_AUROC": [0.9226190476190477, 0.9345238095238095, 0.9523809523809524, 0.9523809523809524, 0.9523809523809523, 0.9642857142857143, 0.9702380952380952, 0.9702380952380952, 0.8988095238095238, 0.9404761904761905], "val_AUPRC": [0.7005189255189255, 0.7895983159141056, 0.780892255892256, 0.7908128908128909, 0.8066859066859067, 0.8764260430927098, 0.8310457516339869, 0.7905982905982907, 0.8940476190476192, 0.8660493827160494], "test_AUPRC": [0.7749999999999999, 0.8047619047619048, 0.8599567099567098, 0.8715213358070499, 0.827437641723356, 0.8260204081632654, 0.9129251700680272, 0.9087301587301586, 0.7275310124049619, 0.7843537414965986], "val_acc": [0.7352941176470589, 0.7941176470588235, 0.8235294117647058, 0.8235294117647058, 0.7941176470588235, 0.8823529411764706, 0.8529411764705882, 0.8529411764705882, 0.8235294117647058, 0.8823529411764706], "test_acc": [0.7741935483870968, 0.8709677419354839, 0.8387096774193549, 0.8387096774193549, 0.9032258064516129, 0.9032258064516129, 0.9032258064516129, 0.9032258064516129, 0.7741935483870968, 0.8709677419354839]}