{"AUROC": 0.875, "AUPRC": 0.3887339086352244, "acc": 0.8767123287671232}