Metric,Value
AUROC,0.880984952120383
AUPRC,0.9601588721681824
acc,0.7
