{"AUROC": 0.6399999999999999, "AUPRC": 0.9003777577211082, "acc": 0.68}