Metric,Value
AUROC,0.6702127659574468
AUPRC,0.7122538568783516
acc,0.6310679611650486
