Metric,Value
AUROC,0.8903061224489796
AUPRC,0.9852551494010074
acc,0.4603174603174603
