{"AUROC": 0.9117647058823529, "AUPRC": 0.9796740626074992, "acc": 0.5238095238095238}